ref_date,site,value
1971-04-01,SS Klondike,0
1971-05-01,SS Klondike,0
1971-06-01,SS Klondike,3603
1971-07-01,SS Klondike,6392
1971-08-01,SS Klondike,4777
1971-09-01,SS Klondike,656
1971-10-01,SS Klondike,10
1971-11-01,SS Klondike,0
1971-12-01,SS Klondike,0
1972-01-01,SS Klondike,0
1972-02-01,SS Klondike,0
1972-03-01,SS Klondike,310
1972-04-01,SS Klondike,144
1972-05-01,SS Klondike,40
1972-06-01,SS Klondike,9229
1972-07-01,SS Klondike,13684
1972-08-01,SS Klondike,9086
1972-09-01,SS Klondike,906
1972-10-01,SS Klondike,0
1972-11-01,SS Klondike,11
1972-12-01,SS Klondike,0
1973-01-01,SS Klondike,0
1973-02-01,SS Klondike,0
1973-03-01,SS Klondike,190
1973-04-01,SS Klondike,43
1973-04-01,Chilkoot Trail,0
1973-05-01,Chilkoot Trail,0
1973-05-01,SS Klondike,88
1973-06-01,SS Klondike,7379
1973-06-01,Chilkoot Trail,115
1973-07-01,Chilkoot Trail,504
1973-07-01,SS Klondike,12775
1973-08-01,SS Klondike,8400
1973-08-01,Chilkoot Trail,362
1973-09-01,Chilkoot Trail,0
1973-09-01,SS Klondike,795
1973-10-01,SS Klondike,0
1973-10-01,Chilkoot Trail,0
1973-11-01,Chilkoot Trail,0
1973-11-01,SS Klondike,0
1973-12-01,SS Klondike,0
1973-12-01,Chilkoot Trail,0
1974-01-01,Chilkoot Trail,0
1974-01-01,SS Klondike,0
1974-02-01,SS Klondike,0
1974-02-01,Chilkoot Trail,0
1974-03-01,Chilkoot Trail,0
1974-03-01,SS Klondike,0
1974-04-01,SS Klondike,0
1974-04-01,Chilkoot Trail,0
1974-05-01,Chilkoot Trail,13
1974-05-01,SS Klondike,0
1974-06-01,SS Klondike,6565
1974-06-01,Chilkoot Trail,104
1974-07-01,Chilkoot Trail,478
1974-07-01,SS Klondike,9203
1974-08-01,SS Klondike,6417
1974-08-01,Chilkoot Trail,681
1974-09-01,Chilkoot Trail,70
1974-09-01,SS Klondike,1412
1974-10-01,SS Klondike,0
1974-10-01,Chilkoot Trail,0
1974-11-01,Chilkoot Trail,0
1974-11-01,SS Klondike,0
1974-12-01,SS Klondike,0
1974-12-01,Chilkoot Trail,0
1975-01-01,Chilkoot Trail,0
1975-01-01,SS Klondike,0
1975-02-01,SS Klondike,0
1975-02-01,Chilkoot Trail,0
1975-03-01,Chilkoot Trail,0
1975-03-01,SS Klondike,98
1975-04-01,SS Klondike,36
1975-04-01,Chilkoot Trail,0
1975-05-01,Chilkoot Trail,0
1975-05-01,SS Klondike,75
1975-06-01,SS Klondike,5379
1975-06-01,Chilkoot Trail,80
1975-07-01,Chilkoot Trail,507
1975-07-01,SS Klondike,9151
1975-08-01,SS Klondike,8072
1975-08-01,Chilkoot Trail,626
1975-09-01,Chilkoot Trail,75
1975-09-01,SS Klondike,1140
1975-10-01,SS Klondike,0
1975-10-01,Chilkoot Trail,0
1975-11-01,Chilkoot Trail,0
1975-11-01,SS Klondike,0
1975-12-01,SS Klondike,0
1975-12-01,Chilkoot Trail,0
1976-01-01,Chilkoot Trail,0
1976-01-01,SS Klondike,0
1976-02-01,SS Klondike,0
1976-02-01,Chilkoot Trail,0
1976-03-01,Chilkoot Trail,0
1976-03-01,SS Klondike,23
1976-04-01,SS Klondike,0
1976-04-01,Chilkoot Trail,0
1976-04-01,Kluane National Park,0
1976-05-01,Kluane National Park,70
1976-05-01,Chilkoot Trail,0
1976-05-01,SS Klondike,173
1976-06-01,SS Klondike,5831
1976-06-01,Chilkoot Trail,172
1976-06-01,Kluane National Park,465
1976-07-01,Kluane National Park,774
1976-07-01,Chilkoot Trail,470
1976-07-01,SS Klondike,9243
1976-08-01,SS Klondike,7026
1976-08-01,Chilkoot Trail,718
1976-08-01,Kluane National Park,779
1976-09-01,Kluane National Park,148
1976-09-01,Chilkoot Trail,148
1976-09-01,SS Klondike,1491
1976-10-01,SS Klondike,37
1976-10-01,Chilkoot Trail,0
1976-10-01,Kluane National Park,34
1976-11-01,Kluane National Park,10
1976-11-01,Chilkoot Trail,0
1976-11-01,SS Klondike,0
1976-12-01,SS Klondike,0
1976-12-01,Kluane National Park,10
1976-12-01,Chilkoot Trail,0
1977-01-01,Chilkoot Trail,0
1977-01-01,Kluane National Park,4
1977-01-01,SS Klondike,0
1977-02-01,SS Klondike,0
1977-02-01,Kluane National Park,17
1977-02-01,Chilkoot Trail,0
1977-03-01,Chilkoot Trail,0
1977-03-01,Kluane National Park,36
1977-03-01,SS Klondike,0
1977-04-01,SS Klondike,128
1977-04-01,Chilkoot Trail,0
1977-04-01,Kluane National Park,0
1977-05-01,Kluane National Park,0
1977-05-01,Chilkoot Trail,21
1977-05-01,SS Klondike,190
1977-06-01,SS Klondike,8832
1977-06-01,Chilkoot Trail,188
1977-06-01,Kluane National Park,549
1977-07-01,Kluane National Park,1805
1977-07-01,Chilkoot Trail,557
1977-07-01,SS Klondike,12324
1977-08-01,SS Klondike,8435
1977-08-01,Chilkoot Trail,786
1977-08-01,Kluane National Park,1714
1977-09-01,Kluane National Park,363
1977-09-01,Chilkoot Trail,153
1977-09-01,SS Klondike,1886
1977-10-01,SS Klondike,64
1977-10-01,Chilkoot Trail,0
1977-10-01,Kluane National Park,48
1977-11-01,Kluane National Park,15
1977-11-01,Chilkoot Trail,0
1977-11-01,SS Klondike,1
1977-12-01,SS Klondike,0
1977-12-01,Kluane National Park,7
1977-12-01,Chilkoot Trail,0
1978-01-01,Chilkoot Trail,0
1978-01-01,Kluane National Park,11
1978-01-01,SS Klondike,0
1978-02-01,SS Klondike,0
1978-02-01,Kluane National Park,0
1978-02-01,Chilkoot Trail,0
1978-03-01,Chilkoot Trail,0
1978-03-01,Kluane National Park,47
1978-03-01,SS Klondike,54
1978-04-01,SS Klondike,30
1978-04-01,Chilkoot Trail,0
1978-04-01,Kluane National Park,62
1978-05-01,Kluane National Park,158
1978-05-01,Chilkoot Trail,0
1978-05-01,SS Klondike,460
1978-06-01,SS Klondike,7070
1978-06-01,Chilkoot Trail,244
1978-06-01,Kluane National Park,994
1978-07-01,Kluane National Park,2900
1978-07-01,Chilkoot Trail,745
1978-07-01,SS Klondike,11498
1978-08-01,SS Klondike,9284
1978-08-01,Chilkoot Trail,820
1978-08-01,Kluane National Park,2424
1978-09-01,Kluane National Park,1990
1978-09-01,Chilkoot Trail,139
1978-09-01,SS Klondike,682
1978-10-01,SS Klondike,0
1978-10-01,Chilkoot Trail,0
1978-10-01,Kluane National Park,87
1978-11-01,Kluane National Park,43
1978-11-01,Chilkoot Trail,0
1978-11-01,SS Klondike,24
1978-12-01,SS Klondike,0
1978-12-01,Kluane National Park,21
1978-12-01,Chilkoot Trail,0
1979-01-01,Chilkoot Trail,0
1979-01-01,Kluane National Park,17
1979-01-01,SS Klondike,0
1979-02-01,SS Klondike,0
1979-02-01,Kluane National Park,21
1979-02-01,Chilkoot Trail,0
1979-03-01,Chilkoot Trail,0
1979-03-01,Kluane National Park,19
1979-03-01,SS Klondike,7
1979-04-01,SS Klondike,41
1979-04-01,Chilkoot Trail,0
1979-04-01,Kluane National Park,60
1979-05-01,Kluane National Park,182
1979-05-01,Chilkoot Trail,16
1979-05-01,SS Klondike,462
1979-06-01,SS Klondike,8425
1979-06-01,Chilkoot Trail,251
1979-06-01,Kluane National Park,1165
1979-07-01,Kluane National Park,2506
1979-07-01,Chilkoot Trail,850
1979-07-01,SS Klondike,12522
1979-08-01,SS Klondike,9915
1979-08-01,Chilkoot Trail,1020
1979-08-01,Kluane National Park,2532
1979-09-01,Kluane National Park,1315
1979-09-01,Chilkoot Trail,166
1979-09-01,SS Klondike,1382
1979-10-01,SS Klondike,15
1979-10-01,Chilkoot Trail,0
1979-10-01,Kluane National Park,66
1979-11-01,Kluane National Park,41
1979-11-01,Chilkoot Trail,0
1979-11-01,SS Klondike,0
1979-12-01,SS Klondike,0
1979-12-01,Kluane National Park,21
1979-12-01,Chilkoot Trail,0
1980-01-01,Chilkoot Trail,0
1980-01-01,Kluane National Park,86
1980-01-01,SS Klondike,0
1980-02-01,SS Klondike,0
1980-02-01,Kluane National Park,76
1980-02-01,Chilkoot Trail,0
1980-03-01,Chilkoot Trail,0
1980-03-01,Kluane National Park,152
1980-03-01,SS Klondike,0
1980-04-01,SS Klondike,40
1980-04-01,Chilkoot Trail,0
1980-04-01,Kluane National Park,267
1980-05-01,Kluane National Park,593
1980-05-01,Chilkoot Trail,0
1980-05-01,SS Klondike,60
1980-06-01,SS Klondike,7486
1980-06-01,Chilkoot Trail,303
1980-06-01,Kluane National Park,5223
1980-07-01,Kluane National Park,12129
1980-07-01,Chilkoot Trail,732
1980-07-01,SS Klondike,12458
1980-08-01,SS Klondike,9738
1980-08-01,Chilkoot Trail,1070
1980-08-01,Kluane National Park,10363
1980-09-01,Kluane National Park,6282
1980-09-01,Chilkoot Trail,205
1980-09-01,SS Klondike,1491
1980-10-01,SS Klondike,25
1980-10-01,Chilkoot Trail,0
1980-10-01,Kluane National Park,124
1980-11-01,Kluane National Park,24
1980-11-01,Chilkoot Trail,0
1980-11-01,SS Klondike,77
1980-12-01,SS Klondike,25
1980-12-01,Kluane National Park,18
1980-12-01,Chilkoot Trail,0
1981-01-01,Chilkoot Trail,0
1981-01-01,Kluane National Park,28
1981-01-01,SS Klondike,30
1981-02-01,SS Klondike,3
1981-02-01,Kluane National Park,69
1981-02-01,Chilkoot Trail,0
1981-03-01,Chilkoot Trail,0
1981-03-01,Kluane National Park,88
1981-03-01,SS Klondike,350
1981-04-01,SS Klondike,281
1981-04-01,Chilkoot Trail,0
1981-04-01,Kluane National Park,136
1981-05-01,Kluane National Park,967
1981-05-01,Chilkoot Trail,66
1981-05-01,SS Klondike,1759
1981-06-01,SS Klondike,7293
1981-06-01,Chilkoot Trail,354
1981-06-01,Kluane National Park,10445
1981-07-01,Kluane National Park,17504
1981-07-01,Chilkoot Trail,1033
1981-07-01,SS Klondike,14616
1981-08-01,SS Klondike,11186
1981-08-01,Chilkoot Trail,1053
1981-08-01,Kluane National Park,15632
1981-09-01,Kluane National Park,6739
1981-09-01,Chilkoot Trail,195
1981-09-01,SS Klondike,2705
1981-10-01,SS Klondike,75
1981-10-01,Chilkoot Trail,0
1981-10-01,Kluane National Park,327
1981-11-01,Kluane National Park,165
1981-11-01,Chilkoot Trail,0
1981-11-01,SS Klondike,207
1981-12-01,SS Klondike,326
1981-12-01,Kluane National Park,293
1981-12-01,Chilkoot Trail,0
1982-01-01,Chilkoot Trail,0
1982-01-01,Kluane National Park,248
1982-01-01,SS Klondike,204
1982-02-01,SS Klondike,1600
1982-02-01,Kluane National Park,288
1982-02-01,Chilkoot Trail,0
1982-03-01,Chilkoot Trail,0
1982-03-01,Kluane National Park,404
1982-03-01,SS Klondike,3
1982-04-01,SS Klondike,60
1982-04-01,Chilkoot Trail,0
1982-04-01,Kluane National Park,607
1982-05-01,Kluane National Park,2313
1982-05-01,Chilkoot Trail,0
1982-05-01,SS Klondike,40
1982-06-01,SS Klondike,10251
1982-06-01,Chilkoot Trail,335
1982-06-01,Kluane National Park,12462
1982-07-01,Kluane National Park,17604
1982-07-01,Chilkoot Trail,945
1982-07-01,SS Klondike,14137
1982-08-01,SS Klondike,10240
1982-08-01,Chilkoot Trail,941
1982-08-01,Kluane National Park,24210
1982-09-01,Kluane National Park,7813
1982-09-01,Chilkoot Trail,145
1982-09-01,SS Klondike,4442
1982-10-01,SS Klondike,789
1982-10-01,Chilkoot Trail,0
1982-10-01,Kluane National Park,156
1982-11-01,Kluane National Park,102
1982-11-01,Chilkoot Trail,0
1982-11-01,SS Klondike,53
1982-12-01,SS Klondike,24
1982-12-01,Kluane National Park,305
1982-12-01,Chilkoot Trail,0
1983-01-01,Chilkoot Trail,0
1983-01-01,Kluane National Park,299
1983-01-01,SS Klondike,65
1983-02-01,SS Klondike,359
1983-02-01,Kluane National Park,294
1983-02-01,Chilkoot Trail,0
1983-03-01,Chilkoot Trail,0
1983-03-01,Kluane National Park,523
1983-03-01,SS Klondike,194
1983-04-01,SS Klondike,838
1983-04-01,Chilkoot Trail,0
1983-04-01,Kluane National Park,398
1983-05-01,Kluane National Park,2124
1983-05-01,Chilkoot Trail,4
1983-05-01,SS Klondike,1620
1983-06-01,SS Klondike,10084
1983-06-01,Chilkoot Trail,212
1983-06-01,Kluane National Park,10967
1983-07-01,Kluane National Park,16468
1983-07-01,Chilkoot Trail,735
1983-07-01,SS Klondike,15686
1983-08-01,SS Klondike,10792
1983-08-01,Chilkoot Trail,562
1983-08-01,Kluane National Park,14979
1983-09-01,Kluane National Park,4212
1983-09-01,Chilkoot Trail,72
1983-09-01,SS Klondike,2761
1983-10-01,SS Klondike,689
1983-10-01,Chilkoot Trail,0
1983-10-01,Kluane National Park,323
1983-11-01,Kluane National Park,74
1983-11-01,Chilkoot Trail,0
1983-11-01,SS Klondike,193
1983-12-01,SS Klondike,200
1983-12-01,Kluane National Park,48
1983-12-01,Chilkoot Trail,0
1984-01-01,Chilkoot Trail,0
1984-01-01,Kluane National Park,173
1984-01-01,SS Klondike,182
1984-02-01,SS Klondike,379
1984-02-01,Kluane National Park,317
1984-02-01,Chilkoot Trail,0
1984-03-01,Chilkoot Trail,0
1984-03-01,Kluane National Park,423
1984-03-01,SS Klondike,928
1984-04-01,SS Klondike,1411
1984-04-01,Chilkoot Trail,0
1984-04-01,Kluane National Park,401
1984-05-01,Kluane National Park,1865
1984-05-01,Chilkoot Trail,16
1984-05-01,SS Klondike,2512
1984-06-01,SS Klondike,10777
1984-06-01,Chilkoot Trail,269
1984-06-01,Kluane National Park,12019
1984-07-01,Kluane National Park,19835
1984-07-01,Chilkoot Trail,837
1984-07-01,SS Klondike,16968
1984-08-01,SS Klondike,11462
1984-08-01,Chilkoot Trail,654
1984-08-01,Kluane National Park,17245
1984-09-01,Kluane National Park,7044
1984-09-01,Chilkoot Trail,192
1984-09-01,SS Klondike,2190
1984-10-01,SS Klondike,0
1984-10-01,Chilkoot Trail,0
1984-10-01,Kluane National Park,409
1984-11-01,Kluane National Park,154
1984-11-01,Chilkoot Trail,0
1984-11-01,SS Klondike,0
1984-12-01,SS Klondike,0
1984-12-01,Kluane National Park,136
1984-12-01,Chilkoot Trail,0
1985-01-01,Chilkoot Trail,0
1985-01-01,Kluane National Park,340
1985-01-01,SS Klondike,0
1985-02-01,SS Klondike,0
1985-02-01,Kluane National Park,365
1985-02-01,Chilkoot Trail,0
1985-03-01,Chilkoot Trail,0
1985-03-01,Kluane National Park,490
1985-03-01,SS Klondike,0
1985-04-01,SS Klondike,28
1985-04-01,Chilkoot Trail,0
1985-04-01,Kluane National Park,437
1985-05-01,Kluane National Park,2424
1985-05-01,Chilkoot Trail,7
1985-05-01,SS Klondike,222
1985-06-01,SS Klondike,10842
1985-06-01,Chilkoot Trail,123
1985-06-01,Kluane National Park,11938
1985-07-01,Kluane National Park,21537
1985-07-01,Chilkoot Trail,614
1985-07-01,SS Klondike,17154
1985-08-01,SS Klondike,10109
1985-08-01,Chilkoot Trail,602
1985-08-01,Kluane National Park,18846
1985-09-01,Kluane National Park,8480
1985-09-01,Chilkoot Trail,63
1985-09-01,SS Klondike,2275
1985-10-01,SS Klondike,0
1985-10-01,Chilkoot Trail,0
1985-10-01,Kluane National Park,267
1985-11-01,Kluane National Park,148
1985-11-01,Chilkoot Trail,0
1985-11-01,SS Klondike,0
1985-12-01,SS Klondike,0
1985-12-01,Kluane National Park,66
1985-12-01,Chilkoot Trail,0
1986-01-01,Chilkoot Trail,0
1986-01-01,Kluane National Park,143
1986-01-01,SS Klondike,0
1986-02-01,SS Klondike,0
1986-02-01,Kluane National Park,245
1986-02-01,Chilkoot Trail,0
1986-03-01,Chilkoot Trail,0
1986-03-01,Kluane National Park,219
1986-03-01,SS Klondike,0
1986-04-01,SS Klondike,0
1986-04-01,Chilkoot Trail,0
1986-04-01,Kluane National Park,240
1986-05-01,Kluane National Park,2426
1986-05-01,Chilkoot Trail,0
1986-05-01,SS Klondike,1308
1986-06-01,SS Klondike,10693
1986-06-01,Chilkoot Trail,156
1986-06-01,Kluane National Park,16268
1986-07-01,Kluane National Park,20627
1986-07-01,Chilkoot Trail,706
1986-07-01,SS Klondike,16280
1986-08-01,SS Klondike,9859
1986-08-01,Chilkoot Trail,641
1986-08-01,Kluane National Park,21346
1986-09-01,Kluane National Park,7316
1986-09-01,Chilkoot Trail,93
1986-09-01,SS Klondike,2172
1986-10-01,SS Klondike,0
1986-10-01,Chilkoot Trail,0
1986-10-01,Kluane National Park,305
1986-11-01,Kluane National Park,130
1986-11-01,Chilkoot Trail,0
1986-11-01,SS Klondike,0
1986-12-01,SS Klondike,0
1986-12-01,Kluane National Park,166
1986-12-01,Chilkoot Trail,0
1987-01-01,Chilkoot Trail,0
1987-01-01,Kluane National Park,128
1987-01-01,SS Klondike,0
1987-02-01,SS Klondike,0
1987-02-01,Kluane National Park,146
1987-02-01,Chilkoot Trail,0
1987-03-01,Chilkoot Trail,0
1987-03-01,Kluane National Park,283
1987-03-01,SS Klondike,0
1987-04-01,SS Klondike,0
1987-04-01,Chilkoot Trail,0
1987-04-01,Kluane National Park,532
1987-05-01,Kluane National Park,3224
1987-05-01,Chilkoot Trail,4
1987-05-01,SS Klondike,1514
1987-06-01,SS Klondike,11702
1987-06-01,Chilkoot Trail,141
1987-06-01,Kluane National Park,17099
1987-07-01,Kluane National Park,25049
1987-07-01,Chilkoot Trail,644
1987-07-01,SS Klondike,16909
1987-08-01,SS Klondike,10708
1987-08-01,Chilkoot Trail,785
1987-08-01,Kluane National Park,24932
1987-09-01,Kluane National Park,9078
1987-09-01,Chilkoot Trail,131
1987-09-01,SS Klondike,1691
1987-10-01,SS Klondike,0
1987-10-01,Chilkoot Trail,0
1987-10-01,Kluane National Park,608
1987-11-01,Kluane National Park,541
1987-11-01,Chilkoot Trail,0
1987-11-01,SS Klondike,0
1987-12-01,SS Klondike,0
1987-12-01,Kluane National Park,184
1987-12-01,Chilkoot Trail,0
1988-01-01,Chilkoot Trail,0
1988-01-01,Kluane National Park,287
1988-01-01,SS Klondike,0
1988-02-01,SS Klondike,0
1988-02-01,Kluane National Park,353
1988-02-01,Chilkoot Trail,0
1988-03-01,Chilkoot Trail,0
1988-03-01,Kluane National Park,396
1988-03-01,SS Klondike,0
1988-04-01,SS Klondike,0
1988-04-01,Klondike National Historic Site,0
1988-04-01,Chilkoot Trail,0
1988-04-01,Kluane National Park,990
1988-05-01,Kluane National Park,3953
1988-05-01,Chilkoot Trail,4
1988-05-01,Klondike National Historic Site,374
1988-05-01,SS Klondike,1577
1988-06-01,SS Klondike,11774
1988-06-01,Klondike National Historic Site,9530
1988-06-01,Chilkoot Trail,132
1988-06-01,Kluane National Park,16746
1988-07-01,Kluane National Park,25532
1988-07-01,Chilkoot Trail,810
1988-07-01,Klondike National Historic Site,16152
1988-07-01,SS Klondike,15829
1988-08-01,SS Klondike,10356
1988-08-01,Chilkoot Trail,614
1988-08-01,Kluane National Park,24133
1988-08-01,Klondike National Historic Site,10381
1988-09-01,Klondike National Historic Site,1777
1988-09-01,Kluane National Park,7100
1988-09-01,Chilkoot Trail,116
1988-09-01,SS Klondike,1654
1988-10-01,SS Klondike,0
1988-10-01,Chilkoot Trail,0
1988-10-01,Kluane National Park,601
1988-10-01,Klondike National Historic Site,0
1988-11-01,Klondike National Historic Site,0
1988-11-01,Kluane National Park,226
1988-11-01,Chilkoot Trail,0
1988-11-01,SS Klondike,0
1988-12-01,SS Klondike,0
1988-12-01,Kluane National Park,204
1988-12-01,Chilkoot Trail,0
1988-12-01,Klondike National Historic Site,0
1989-01-01,Klondike National Historic Site,0
1989-01-01,Chilkoot Trail,0
1989-01-01,Kluane National Park,107
1989-01-01,SS Klondike,0
1989-02-01,SS Klondike,0
1989-02-01,Kluane National Park,106
1989-02-01,Chilkoot Trail,0
1989-02-01,Klondike National Historic Site,0
1989-03-01,Klondike National Historic Site,0
1989-03-01,Chilkoot Trail,0
1989-03-01,Kluane National Park,403
1989-03-01,SS Klondike,0
1989-04-01,SS Klondike,0
1989-04-01,Klondike National Historic Site,0
1989-04-01,Chilkoot Trail,0
1989-04-01,Kluane National Park,596
1989-05-01,Kluane National Park,3304
1989-05-01,Chilkoot Trail,0
1989-05-01,Klondike National Historic Site,382
1989-05-01,SS Klondike,2105
1989-06-01,SS Klondike,10986
1989-06-01,Klondike National Historic Site,10760
1989-06-01,Chilkoot Trail,156
1989-06-01,Kluane National Park,15047
1989-07-01,Kluane National Park,23920
1989-07-01,Chilkoot Trail,851
1989-07-01,Klondike National Historic Site,17155
1989-07-01,SS Klondike,16046
1989-08-01,SS Klondike,9910
1989-08-01,Chilkoot Trail,761
1989-08-01,Kluane National Park,19546
1989-08-01,Klondike National Historic Site,11442
1989-09-01,Klondike National Historic Site,1595
1989-09-01,Kluane National Park,5432
1989-09-01,Chilkoot Trail,311
1989-09-01,SS Klondike,1600
1989-10-01,SS Klondike,0
1989-10-01,Chilkoot Trail,0
1989-10-01,Kluane National Park,460
1989-10-01,Klondike National Historic Site,0
1989-11-01,Klondike National Historic Site,0
1989-11-01,Kluane National Park,76
1989-11-01,Chilkoot Trail,0
1989-11-01,SS Klondike,0
1989-12-01,SS Klondike,0
1989-12-01,Kluane National Park,25
1989-12-01,Chilkoot Trail,0
1989-12-01,Klondike National Historic Site,0
1990-01-01,Klondike National Historic Site,0
1990-01-01,Chilkoot Trail,0
1990-01-01,Kluane National Park,64
1990-01-01,SS Klondike,0
1990-02-01,SS Klondike,0
1990-02-01,Kluane National Park,78
1990-02-01,Chilkoot Trail,0
1990-02-01,Klondike National Historic Site,0
1990-03-01,Klondike National Historic Site,0
1990-03-01,Chilkoot Trail,0
1990-03-01,Kluane National Park,348
1990-03-01,SS Klondike,0
1990-04-01,SS Klondike,0
1990-04-01,Klondike National Historic Site,0
1990-04-01,Chilkoot Trail,0
1990-04-01,Kluane National Park,594
1990-05-01,Kluane National Park,4518
1990-05-01,Chilkoot Trail,25
1990-05-01,Klondike National Historic Site,479
1990-05-01,SS Klondike,2350
1990-06-01,SS Klondike,11387
1990-06-01,Klondike National Historic Site,13690
1990-06-01,Chilkoot Trail,276
1990-06-01,Kluane National Park,14698
1990-07-01,Kluane National Park,24938
1990-07-01,Chilkoot Trail,1040
1990-07-01,Klondike National Historic Site,18299
1990-07-01,SS Klondike,16071
1990-08-01,SS Klondike,11073
1990-08-01,Chilkoot Trail,835
1990-08-01,Kluane National Park,22672
1990-08-01,Klondike National Historic Site,13856
1990-09-01,Klondike National Historic Site,1847
1990-09-01,Kluane National Park,6367
1990-09-01,Chilkoot Trail,182
1990-09-01,SS Klondike,1169
1990-10-01,SS Klondike,0
1990-10-01,Chilkoot Trail,0
1990-10-01,Kluane National Park,387
1990-10-01,Klondike National Historic Site,0
1990-11-01,Klondike National Historic Site,0
1990-11-01,Kluane National Park,53
1990-11-01,Chilkoot Trail,0
1990-11-01,SS Klondike,0
1990-12-01,SS Klondike,0
1990-12-01,Kluane National Park,3
1990-12-01,Chilkoot Trail,0
1990-12-01,Klondike National Historic Site,0
1991-01-01,Klondike National Historic Site,0
1991-01-01,Chilkoot Trail,0
1991-01-01,Kluane National Park,71
1991-01-01,SS Klondike,0
1991-02-01,SS Klondike,0
1991-02-01,Kluane National Park,138
1991-02-01,Chilkoot Trail,0
1991-02-01,Klondike National Historic Site,0
1991-03-01,Klondike National Historic Site,0
1991-03-01,Chilkoot Trail,0
1991-03-01,Kluane National Park,418
1991-03-01,SS Klondike,0
1991-04-01,SS Klondike,0
1991-04-01,Klondike National Historic Site,0
1991-04-01,Chilkoot Trail,0
1991-04-01,Kluane National Park,385
1991-05-01,Kluane National Park,3692
1991-05-01,Chilkoot Trail,21
1991-05-01,Klondike National Historic Site,638
1991-05-01,SS Klondike,2138
1991-06-01,SS Klondike,11014
1991-06-01,Klondike National Historic Site,10624
1991-06-01,Chilkoot Trail,358
1991-06-01,Kluane National Park,15166
1991-07-01,Kluane National Park,23187
1991-07-01,Chilkoot Trail,953
1991-07-01,Klondike National Historic Site,14921
1991-07-01,SS Klondike,16451
1991-08-01,SS Klondike,10808
1991-08-01,Chilkoot Trail,833
1991-08-01,Kluane National Park,18577
1991-08-01,Klondike National Historic Site,11803
1991-09-01,Klondike National Historic Site,2324
1991-09-01,Kluane National Park,5651
1991-09-01,Chilkoot Trail,168
1991-09-01,SS Klondike,1287
1991-10-01,SS Klondike,0
1991-10-01,Chilkoot Trail,0
1991-10-01,Kluane National Park,73
1991-10-01,Klondike National Historic Site,0
1991-11-01,Klondike National Historic Site,0
1991-11-01,Kluane National Park,22
1991-11-01,Chilkoot Trail,0
1991-11-01,SS Klondike,0
1991-12-01,SS Klondike,0
1991-12-01,Kluane National Park,32
1991-12-01,Chilkoot Trail,0
1991-12-01,Klondike National Historic Site,0
1992-01-01,Klondike National Historic Site,0
1992-01-01,Chilkoot Trail,0
1992-01-01,Kluane National Park,171
1992-01-01,SS Klondike,0
1992-02-01,SS Klondike,0
1992-02-01,Kluane National Park,190
1992-02-01,Chilkoot Trail,0
1992-02-01,Klondike National Historic Site,0
1992-03-01,Klondike National Historic Site,0
1992-03-01,Chilkoot Trail,0
1992-03-01,Kluane National Park,284
1992-03-01,SS Klondike,0
1992-04-01,SS Klondike,0
1992-04-01,Klondike National Historic Site,2
1992-04-01,Chilkoot Trail,0
1992-04-01,Kluane National Park,539
1992-05-01,Kluane National Park,5032
1992-05-01,Chilkoot Trail,3
1992-05-01,Klondike National Historic Site,442
1992-05-01,SS Klondike,2824
1992-06-01,SS Klondike,14005
1992-06-01,Klondike National Historic Site,13954
1992-06-01,Chilkoot Trail,391
1992-06-01,Kluane National Park,18252
1992-07-01,Kluane National Park,27596
1992-07-01,Chilkoot Trail,1068
1992-07-01,Klondike National Historic Site,17349
1992-07-01,SS Klondike,18103
1992-08-01,SS Klondike,11594
1992-08-01,Chilkoot Trail,1071
1992-08-01,Kluane National Park,24472
1992-08-01,Klondike National Historic Site,12987
1992-09-01,Klondike National Historic Site,2387
1992-09-01,Kluane National Park,7572
1992-09-01,Chilkoot Trail,182
1992-09-01,SS Klondike,921
1992-10-01,SS Klondike,0
1992-10-01,Chilkoot Trail,0
1992-10-01,Kluane National Park,418
1992-10-01,Klondike National Historic Site,0
1992-11-01,Klondike National Historic Site,0
1992-11-01,Kluane National Park,70
1992-11-01,Chilkoot Trail,0
1992-11-01,SS Klondike,0
1992-12-01,SS Klondike,0
1992-12-01,Kluane National Park,104
1992-12-01,Chilkoot Trail,0
1992-12-01,Klondike National Historic Site,0
1993-01-01,Klondike National Historic Site,0
1993-01-01,Chilkoot Trail,0
1993-01-01,Kluane National Park,105
1993-01-01,SS Klondike,0
1993-02-01,SS Klondike,0
1993-02-01,Kluane National Park,206
1993-02-01,Chilkoot Trail,0
1993-02-01,Klondike National Historic Site,0
1993-03-01,Klondike National Historic Site,0
1993-03-01,Chilkoot Trail,0
1993-03-01,Kluane National Park,274
1993-03-01,SS Klondike,0
1993-04-01,SS Klondike,0
1993-04-01,Klondike National Historic Site,0
1993-04-01,Chilkoot Trail,0
1993-04-01,Kluane National Park,502
1993-05-01,Kluane National Park,4776
1993-05-01,Chilkoot Trail,0
1993-05-01,Klondike National Historic Site,823
1993-05-01,SS Klondike,2092
1993-06-01,SS Klondike,11911
1993-06-01,Klondike National Historic Site,10685
1993-06-01,Chilkoot Trail,460
1993-06-01,Kluane National Park,16666
1993-07-01,Kluane National Park,25936
1993-07-01,Chilkoot Trail,1184
1993-07-01,Klondike National Historic Site,18313
1993-07-01,SS Klondike,16029
1993-08-01,SS Klondike,9986
1993-08-01,Chilkoot Trail,1136
1993-08-01,Kluane National Park,22008
1993-08-01,Klondike National Historic Site,13237
1993-09-01,Klondike National Historic Site,2525
1993-09-01,Kluane National Park,7917
1993-09-01,Chilkoot Trail,197
1993-09-01,SS Klondike,895
1993-10-01,SS Klondike,0
1993-10-01,Chilkoot Trail,0
1993-10-01,Kluane National Park,301
1993-10-01,Klondike National Historic Site,0
1993-11-01,Klondike National Historic Site,0
1993-11-01,Kluane National Park,205
1993-11-01,Chilkoot Trail,0
1993-11-01,SS Klondike,0
1993-12-01,SS Klondike,0
1993-12-01,Kluane National Park,284
1993-12-01,Chilkoot Trail,0
1993-12-01,Klondike National Historic Site,0
1994-01-01,Klondike National Historic Site,0
1994-01-01,Chilkoot Trail,0
1994-01-01,Kluane National Park,97
1994-01-01,SS Klondike,0
1994-02-01,SS Klondike,0
1994-02-01,Kluane National Park,100
1994-02-01,Chilkoot Trail,0
1994-02-01,Klondike National Historic Site,0
1994-03-01,Klondike National Historic Site,0
1994-03-01,Chilkoot Trail,0
1994-03-01,Kluane National Park,204
1994-03-01,SS Klondike,0
1994-04-01,SS Klondike,0
1994-04-01,Klondike National Historic Site,0
1994-04-01,Chilkoot Trail,0
1994-04-01,Kluane National Park,157
1994-05-01,Kluane National Park,4040
1994-05-01,Chilkoot Trail,0
1994-05-01,Klondike National Historic Site,608
1994-05-01,SS Klondike,1430
1994-06-01,SS Klondike,7023
1994-06-01,Klondike National Historic Site,12885
1994-06-01,Chilkoot Trail,1574
1994-06-01,Kluane National Park,15664
1994-07-01,Kluane National Park,23934
1994-07-01,Chilkoot Trail,2410
1994-07-01,Klondike National Historic Site,18473
1994-07-01,SS Klondike,9666
1994-08-01,SS Klondike,6351
1994-08-01,Chilkoot Trail,2483
1994-08-01,Kluane National Park,21708
1994-08-01,Klondike National Historic Site,13147
1994-09-01,Klondike National Historic Site,2055
1994-09-01,Kluane National Park,6362
1994-09-01,Chilkoot Trail,578
1994-09-01,SS Klondike,490
1994-10-01,SS Klondike,0
1994-10-01,Chilkoot Trail,0
1994-10-01,Kluane National Park,107
1994-10-01,Klondike National Historic Site,0
1994-11-01,Klondike National Historic Site,0
1994-11-01,Kluane National Park,31
1994-11-01,Chilkoot Trail,0
1994-11-01,SS Klondike,0
1994-12-01,SS Klondike,0
1994-12-01,Kluane National Park,7
1994-12-01,Chilkoot Trail,0
1994-12-01,Klondike National Historic Site,0
1995-01-01,Klondike National Historic Site,0
1995-01-01,Chilkoot Trail,0
1995-01-01,Kluane National Park,128
1995-01-01,SS Klondike,0
1995-02-01,SS Klondike,0
1995-02-01,Kluane National Park,138
1995-02-01,Chilkoot Trail,0
1995-02-01,Klondike National Historic Site,0
1995-03-01,Klondike National Historic Site,0
1995-03-01,Chilkoot Trail,0
1995-03-01,Kluane National Park,235
1995-03-01,SS Klondike,0
1995-04-01,SS Klondike,0
1995-04-01,Klondike National Historic Site,0
1995-04-01,Chilkoot Trail,0
1995-04-01,Kluane National Park,186
1995-05-01,Kluane National Park,4232
1995-05-01,Chilkoot Trail,31
1995-05-01,Klondike National Historic Site,1131
1995-05-01,SS Klondike,1754
1995-06-01,SS Klondike,7072
1995-06-01,Klondike National Historic Site,11550
1995-06-01,Chilkoot Trail,704
1995-06-01,Kluane National Park,17560
1995-07-01,Kluane National Park,22349
1995-07-01,Chilkoot Trail,1505
1995-07-01,Klondike National Historic Site,15847
1995-07-01,SS Klondike,9910
1995-08-01,SS Klondike,6988
1995-08-01,Chilkoot Trail,1162
1995-08-01,Kluane National Park,16724
1995-08-01,Klondike National Historic Site,11903
1995-09-01,Klondike National Historic Site,2679
1995-09-01,Kluane National Park,4744
1995-09-01,Chilkoot Trail,246
1995-09-01,SS Klondike,1147
1995-10-01,SS Klondike,0
1995-10-01,Chilkoot Trail,0
1995-10-01,Kluane National Park,214
1995-10-01,Klondike National Historic Site,0
1995-11-01,Klondike National Historic Site,0
1995-11-01,Kluane National Park,58
1995-11-01,Chilkoot Trail,0
1995-11-01,SS Klondike,0
1995-12-01,SS Klondike,0
1995-12-01,Kluane National Park,22
1995-12-01,Chilkoot Trail,0
1995-12-01,Klondike National Historic Site,0
1996-01-01,Klondike National Historic Site,0
1996-01-01,Chilkoot Trail,0
1996-01-01,Kluane National Park,70
1996-01-01,SS Klondike,0
1996-02-01,SS Klondike,0
1996-02-01,Kluane National Park,134
1996-02-01,Chilkoot Trail,0
1996-02-01,Klondike National Historic Site,0
1996-03-01,Klondike National Historic Site,0
1996-03-01,Chilkoot Trail,0
1996-03-01,Kluane National Park,196
1996-03-01,SS Klondike,0
1996-04-01,SS Klondike,0
1996-04-01,Klondike National Historic Site,0
1996-04-01,Chilkoot Trail,0
1996-04-01,Kluane National Park,485
1996-05-01,Kluane National Park,4997
1996-05-01,Chilkoot Trail,23
1996-05-01,Klondike National Historic Site,1809
1996-05-01,SS Klondike,1252
1996-06-01,SS Klondike,6536
1996-06-01,Klondike National Historic Site,12347
1996-06-01,Chilkoot Trail,529
1996-06-01,Kluane National Park,17470
1996-07-01,Kluane National Park,23075
1996-07-01,Chilkoot Trail,1340
1996-07-01,Klondike National Historic Site,16033
1996-07-01,SS Klondike,9046
1996-08-01,SS Klondike,6334
1996-08-01,Chilkoot Trail,1205
1996-08-01,Kluane National Park,22070
1996-08-01,Klondike National Historic Site,13469
1996-09-01,Klondike National Historic Site,2405
1996-09-01,Kluane National Park,6782
1996-09-01,Chilkoot Trail,0
1996-09-01,SS Klondike,1391
1996-10-01,SS Klondike,0
1996-10-01,Chilkoot Trail,0
1996-10-01,Kluane National Park,0
1996-10-01,Klondike National Historic Site,0
1996-11-01,Klondike National Historic Site,0
1996-11-01,Kluane National Park,29
1996-11-01,Chilkoot Trail,0
1996-11-01,SS Klondike,0
1996-12-01,SS Klondike,0
1996-12-01,Kluane National Park,139
1996-12-01,Chilkoot Trail,0
1996-12-01,Klondike National Historic Site,0
1997-01-01,Klondike National Historic Site,0
1997-01-01,Chilkoot Trail,0
1997-01-01,Kluane National Park,68
1997-01-01,SS Klondike,0
1997-02-01,SS Klondike,0
1997-02-01,Kluane National Park,233
1997-02-01,Chilkoot Trail,0
1997-02-01,Klondike National Historic Site,0
1997-03-01,Klondike National Historic Site,0
1997-03-01,Chilkoot Trail,0
1997-03-01,Kluane National Park,370
1997-03-01,SS Klondike,0
1997-04-01,SS Klondike,0
1997-04-01,Klondike National Historic Site,0
1997-04-01,Chilkoot Trail,0
1997-04-01,Kluane National Park,305
1997-05-01,Kluane National Park,5561
1997-05-01,Chilkoot Trail,23
1997-05-01,Klondike National Historic Site,1209
1997-05-01,SS Klondike,1185
1997-06-01,SS Klondike,5610
1997-06-01,Klondike National Historic Site,10651
1997-06-01,Chilkoot Trail,948
1997-06-01,Kluane National Park,17021
1997-07-01,Kluane National Park,22432
1997-07-01,Chilkoot Trail,1177
1997-07-01,Klondike National Historic Site,8446
1997-07-01,SS Klondike,7347
1997-08-01,SS Klondike,5159
1997-08-01,Chilkoot Trail,1092
1997-08-01,Kluane National Park,19683
1997-08-01,Klondike National Historic Site,11167
1997-09-01,Klondike National Historic Site,2187
1997-09-01,Kluane National Park,4390
1997-09-01,Chilkoot Trail,135
1997-09-01,SS Klondike,1149
1997-10-01,SS Klondike,0
1997-10-01,Chilkoot Trail,0
1997-10-01,Kluane National Park,232
1997-10-01,Klondike National Historic Site,0
1997-11-01,Klondike National Historic Site,0
1997-11-01,Kluane National Park,125
1997-11-01,Chilkoot Trail,0
1997-11-01,SS Klondike,0
1997-12-01,SS Klondike,0
1997-12-01,Kluane National Park,49
1997-12-01,Chilkoot Trail,0
1997-12-01,Klondike National Historic Site,0
1998-01-01,Klondike National Historic Site,0
1998-01-01,Chilkoot Trail,0
1998-01-01,Kluane National Park,58
1998-01-01,SS Klondike,0
1998-02-01,SS Klondike,0
1998-02-01,Kluane National Park,202
1998-02-01,Chilkoot Trail,0
1998-02-01,Klondike National Historic Site,0
1998-03-01,Klondike National Historic Site,0
1998-03-01,Chilkoot Trail,0
1998-03-01,Kluane National Park,240
1998-03-01,SS Klondike,0
1998-04-01,SS Klondike,0
1998-04-01,Klondike National Historic Site,0
1998-04-01,Chilkoot Trail,0
1998-04-01,Kluane National Park,468
1998-05-01,Kluane National Park,4639
1998-05-01,Chilkoot Trail,55
1998-05-01,Klondike National Historic Site,1595
1998-05-01,SS Klondike,1219
1998-06-01,SS Klondike,7248
1998-06-01,Klondike National Historic Site,13807
1998-06-01,Chilkoot Trail,919
1998-06-01,Kluane National Park,14152
1998-07-01,Kluane National Park,20913
1998-07-01,Chilkoot Trail,1429
1998-07-01,Klondike National Historic Site,16793
1998-07-01,SS Klondike,8925
1998-08-01,SS Klondike,6484
1998-08-01,Chilkoot Trail,1357
1998-08-01,Kluane National Park,17472
1998-08-01,Klondike National Historic Site,14861
1998-09-01,Klondike National Historic Site,3672
1998-09-01,Kluane National Park,4535
1998-09-01,Chilkoot Trail,135
1998-09-01,SS Klondike,1452
1998-10-01,SS Klondike,0
1998-10-01,Chilkoot Trail,0
1998-10-01,Kluane National Park,254
1998-10-01,Klondike National Historic Site,0
1998-11-01,Klondike National Historic Site,0
1998-11-01,Kluane National Park,120
1998-11-01,Chilkoot Trail,0
1998-11-01,SS Klondike,0
1998-12-01,SS Klondike,0
1998-12-01,Kluane National Park,24
1998-12-01,Chilkoot Trail,0
1998-12-01,Klondike National Historic Site,0
1999-01-01,Klondike National Historic Site,0
1999-01-01,Chilkoot Trail,0
1999-01-01,Kluane National Park,23
1999-01-01,SS Klondike,0
1999-02-01,SS Klondike,0
1999-02-01,Kluane National Park,4
1999-02-01,Chilkoot Trail,0
1999-02-01,Klondike National Historic Site,0
1999-03-01,Klondike National Historic Site,0
1999-03-01,Chilkoot Trail,0
1999-03-01,Kluane National Park,133
1999-03-01,SS Klondike,0
1999-04-01,SS Klondike,0
1999-04-01,Klondike National Historic Site,0
1999-04-01,Chilkoot Trail,0
1999-04-01,Kluane National Park,291
1999-05-01,Kluane National Park,4525
1999-05-01,Chilkoot Trail,7
1999-05-01,Klondike National Historic Site,1267
1999-05-01,SS Klondike,1137
1999-06-01,SS Klondike,6527
1999-06-01,Klondike National Historic Site,11688
1999-06-01,Chilkoot Trail,586
1999-06-01,Kluane National Park,13717
1999-07-01,Kluane National Park,18483
1999-07-01,Chilkoot Trail,1294
1999-07-01,Klondike National Historic Site,13375
1999-07-01,SS Klondike,8256
1999-08-01,SS Klondike,5480
1999-08-01,Chilkoot Trail,1137
1999-08-01,Kluane National Park,17348
1999-08-01,Klondike National Historic Site,10135
1999-09-01,Klondike National Historic Site,2750
1999-09-01,Kluane National Park,4589
1999-09-01,Chilkoot Trail,111
1999-09-01,SS Klondike,1287
1999-10-01,SS Klondike,0
1999-10-01,Chilkoot Trail,0
1999-10-01,Kluane National Park,223
1999-10-01,Klondike National Historic Site,0
1999-11-01,Klondike National Historic Site,0
1999-11-01,Kluane National Park,68
1999-11-01,Chilkoot Trail,0
1999-11-01,SS Klondike,0
1999-12-01,SS Klondike,0
1999-12-01,Kluane National Park,12
1999-12-01,Chilkoot Trail,0
1999-12-01,Klondike National Historic Site,0
2000-01-01,Klondike National Historic Site,0
2000-01-01,Chilkoot Trail,0
2000-01-01,Kluane National Park,9
2000-01-01,SS Klondike,0
2000-02-01,SS Klondike,0
2000-02-01,Kluane National Park,75
2000-02-01,Chilkoot Trail,0
2000-02-01,Klondike National Historic Site,0
2000-03-01,Klondike National Historic Site,0
2000-03-01,Chilkoot Trail,0
2000-03-01,Kluane National Park,161
2000-03-01,SS Klondike,0
2000-04-01,SS Klondike,0
2000-04-01,Klondike National Historic Site,0
2000-04-01,Chilkoot Trail,0
2000-04-01,Kluane National Park,276
2000-05-01,Kluane National Park,3974
2000-05-01,Chilkoot Trail,54
2000-05-01,Klondike National Historic Site,1387
2000-05-01,SS Klondike,1392
2000-06-01,SS Klondike,5951
2000-06-01,Klondike National Historic Site,9641
2000-06-01,Chilkoot Trail,718
2000-06-01,Kluane National Park,12642
2000-07-01,Kluane National Park,15079
2000-07-01,Chilkoot Trail,1466
2000-07-01,Klondike National Historic Site,13164
2000-07-01,SS Klondike,7539
2000-08-01,SS Klondike,4556
2000-08-01,Chilkoot Trail,1007
2000-08-01,Kluane National Park,13701
2000-08-01,Klondike National Historic Site,9585
2000-09-01,Klondike National Historic Site,2262
2000-09-01,Kluane National Park,3368
2000-09-01,Chilkoot Trail,86
2000-09-01,SS Klondike,947
2000-10-01,SS Klondike,0
2000-10-01,Chilkoot Trail,0
2000-10-01,Kluane National Park,142
2000-10-01,Klondike National Historic Site,0
2000-11-01,Klondike National Historic Site,0
2000-11-01,Kluane National Park,34
2000-11-01,Chilkoot Trail,0
2000-11-01,SS Klondike,0
2000-12-01,SS Klondike,0
2000-12-01,Kluane National Park,19
2000-12-01,Chilkoot Trail,0
2000-12-01,Klondike National Historic Site,0
2001-01-01,Klondike National Historic Site,0
2001-01-01,Chilkoot Trail,0
2001-01-01,Kluane National Park,32
2001-01-01,SS Klondike,0
2001-02-01,SS Klondike,0
2001-02-01,Kluane National Park,85
2001-02-01,Chilkoot Trail,0
2001-02-01,Klondike National Historic Site,0
2001-03-01,Klondike National Historic Site,0
2001-03-01,Chilkoot Trail,0
2001-03-01,Kluane National Park,85
2001-03-01,SS Klondike,0
2001-04-01,SS Klondike,0
2001-04-01,Klondike National Historic Site,0
2001-04-01,Chilkoot Trail,0
2001-04-01,Kluane National Park,167
2001-05-01,Kluane National Park,3172
2001-05-01,Chilkoot Trail,8
2001-05-01,Klondike National Historic Site,1223
2001-05-01,SS Klondike,1212
2001-06-01,SS Klondike,5665
2001-06-01,Klondike National Historic Site,9715
2001-06-01,Chilkoot Trail,524
2001-06-01,Kluane National Park,11815
2001-07-01,Kluane National Park,15367
2001-07-01,Chilkoot Trail,1299
2001-07-01,Klondike National Historic Site,11569
2001-07-01,SS Klondike,6739
2001-08-01,SS Klondike,3768
2001-08-01,Chilkoot Trail,1054
2001-08-01,Kluane National Park,13779
2001-08-01,Klondike National Historic Site,9235
2001-09-01,Klondike National Historic Site,2216
2001-09-01,Kluane National Park,3619
2001-09-01,Chilkoot Trail,0
2001-09-01,SS Klondike,80
2001-10-01,SS Klondike,0
2001-10-01,Chilkoot Trail,0
2001-10-01,Kluane National Park,126
2001-10-01,Klondike National Historic Site,0
2001-11-01,Klondike National Historic Site,0
2001-11-01,Kluane National Park,75
2001-11-01,Chilkoot Trail,0
2001-11-01,SS Klondike,0
2001-12-01,SS Klondike,0
2001-12-01,Kluane National Park,9
2001-12-01,Chilkoot Trail,0
2001-12-01,Klondike National Historic Site,0
2002-01-01,Klondike National Historic Site,0
2002-01-01,Chilkoot Trail,0
2002-01-01,Kluane National Park,22
2002-01-01,SS Klondike,0
2002-02-01,SS Klondike,0
2002-02-01,Kluane National Park,74
2002-02-01,Chilkoot Trail,0
2002-02-01,Klondike National Historic Site,0
2002-03-01,Klondike National Historic Site,0
2002-03-01,Chilkoot Trail,0
2002-03-01,Kluane National Park,160
2002-03-01,SS Klondike,0
2002-04-01,SS Klondike,0
2002-04-01,Klondike National Historic Site,0
2002-04-01,Chilkoot Trail,0
2002-04-01,Kluane National Park,292
2002-05-01,Kluane National Park,2695
2002-05-01,Chilkoot Trail,0
2002-05-01,Klondike National Historic Site,1284
2002-05-01,SS Klondike,946
2002-06-01,SS Klondike,5123
2002-06-01,Klondike National Historic Site,9199
2002-06-01,Chilkoot Trail,545
2002-06-01,Kluane National Park,13240
2002-07-01,Kluane National Park,14593
2002-07-01,Chilkoot Trail,1302
2002-07-01,Klondike National Historic Site,11386
2002-07-01,SS Klondike,6209
2002-08-01,SS Klondike,3600
2002-08-01,Chilkoot Trail,1086
2002-08-01,Kluane National Park,12791
2002-08-01,Klondike National Historic Site,8173
2002-09-01,Klondike National Historic Site,1780
2002-09-01,Kluane National Park,3369
2002-09-01,Chilkoot Trail,136
2002-09-01,SS Klondike,841
2002-10-01,SS Klondike,0
2002-10-01,Chilkoot Trail,0
2002-10-01,Kluane National Park,210
2002-10-01,Klondike National Historic Site,0
2002-11-01,Klondike National Historic Site,0
2002-11-01,Kluane National Park,42
2002-11-01,Chilkoot Trail,0
2002-11-01,SS Klondike,0
2002-12-01,SS Klondike,0
2002-12-01,Kluane National Park,9
2002-12-01,Chilkoot Trail,0
2002-12-01,Klondike National Historic Site,0
2003-01-01,Klondike National Historic Site,0
2003-01-01,Chilkoot Trail,0
2003-01-01,Kluane National Park,56
2003-01-01,SS Klondike,0
2003-02-01,SS Klondike,0
2003-02-01,Kluane National Park,62
2003-02-01,Chilkoot Trail,0
2003-02-01,Klondike National Historic Site,0
2003-03-01,Klondike National Historic Site,0
2003-03-01,Chilkoot Trail,0
2003-03-01,Kluane National Park,153
2003-03-01,SS Klondike,0
2003-04-01,SS Klondike,0
2003-04-01,Klondike National Historic Site,0
2003-04-01,Chilkoot Trail,0
2003-04-01,Kluane National Park,31
2003-05-01,Kluane National Park,2872
2003-05-01,Chilkoot Trail,6
2003-05-01,Klondike National Historic Site,827
2003-05-01,SS Klondike,640
2003-06-01,SS Klondike,5136
2003-06-01,Klondike National Historic Site,7633
2003-06-01,Chilkoot Trail,544
2003-06-01,Kluane National Park,10700
2003-07-01,Kluane National Park,8823
2003-07-01,Chilkoot Trail,1397
2003-07-01,Klondike National Historic Site,8801
2003-07-01,SS Klondike,6188
2003-08-01,SS Klondike,4411
2003-08-01,Chilkoot Trail,1088
2003-08-01,Kluane National Park,13236
2003-08-01,Klondike National Historic Site,6913
2003-09-01,Klondike National Historic Site,1377
2003-09-01,Kluane National Park,3006
2003-09-01,Chilkoot Trail,68
2003-09-01,SS Klondike,923
2003-10-01,SS Klondike,0
2003-10-01,Chilkoot Trail,0
2003-10-01,Kluane National Park,103
2003-10-01,Klondike National Historic Site,0
2003-11-01,Klondike National Historic Site,0
2003-11-01,Kluane National Park,27
2003-11-01,Chilkoot Trail,0
2003-11-01,SS Klondike,0
2003-12-01,SS Klondike,0
2003-12-01,Kluane National Park,9
2003-12-01,Chilkoot Trail,0
2003-12-01,Klondike National Historic Site,0
2004-01-01,Klondike National Historic Site,0
2004-01-01,Chilkoot Trail,0
2004-01-01,Kluane National Park,30
2004-01-01,SS Klondike,0
2004-02-01,SS Klondike,0
2004-02-01,Kluane National Park,126
2004-02-01,Chilkoot Trail,0
2004-02-01,Klondike National Historic Site,0
2004-03-01,Klondike National Historic Site,0
2004-03-01,Chilkoot Trail,0
2004-03-01,Kluane National Park,112
2004-03-01,SS Klondike,0
2004-04-01,SS Klondike,0
2004-04-01,Klondike National Historic Site,0
2004-04-01,Chilkoot Trail,0
2004-04-01,Kluane National Park,296
2004-05-01,Kluane National Park,3353
2004-05-01,Chilkoot Trail,7
2004-05-01,Klondike National Historic Site,523
2004-05-01,SS Klondike,1109
2004-06-01,SS Klondike,5313
2004-06-01,Klondike National Historic Site,5793
2004-06-01,Chilkoot Trail,529
2004-06-01,Kluane National Park,12450
2004-07-01,Kluane National Park,14772
2004-07-01,Chilkoot Trail,1413
2004-07-01,Klondike National Historic Site,5920
2004-07-01,SS Klondike,5383
2004-08-01,SS Klondike,3272
2004-08-01,Chilkoot Trail,1046
2004-08-01,Kluane National Park,11617
2004-08-01,Klondike National Historic Site,4656
2004-09-01,Klondike National Historic Site,568
2004-09-01,Kluane National Park,2770
2004-09-01,Chilkoot Trail,80
2004-09-01,SS Klondike,981
2004-10-01,SS Klondike,0
2004-10-01,Chilkoot Trail,0
2004-10-01,Kluane National Park,50
2004-10-01,Klondike National Historic Site,0
2004-11-01,Klondike National Historic Site,0
2004-11-01,Kluane National Park,28
2004-11-01,Chilkoot Trail,0
2004-11-01,SS Klondike,0
2004-12-01,SS Klondike,0
2004-12-01,Kluane National Park,5
2004-12-01,Chilkoot Trail,0
2004-12-01,Klondike National Historic Site,0
2005-01-01,Klondike National Historic Site,0
2005-01-01,Chilkoot Trail,0
2005-01-01,Kluane National Park,5
2005-01-01,SS Klondike,0
2005-02-01,SS Klondike,0
2005-02-01,Kluane National Park,16
2005-02-01,Chilkoot Trail,0
2005-02-01,Klondike National Historic Site,0
2005-03-01,Klondike National Historic Site,0
2005-03-01,Chilkoot Trail,0
2005-03-01,Kluane National Park,129
2005-03-01,SS Klondike,0
2005-04-01,SS Klondike,0
2005-04-01,Klondike National Historic Site,0
2005-04-01,Chilkoot Trail,0
2005-04-01,Kluane National Park,123
2005-05-01,Kluane National Park,2680
2005-05-01,Chilkoot Trail,25
2005-05-01,Klondike National Historic Site,391
2005-05-01,SS Klondike,841
2005-06-01,SS Klondike,4573
2005-06-01,Klondike National Historic Site,5075
2005-06-01,Chilkoot Trail,462
2005-06-01,Kluane National Park,10491
2005-07-01,Kluane National Park,13699
2005-07-01,Chilkoot Trail,1208
2005-07-01,Klondike National Historic Site,5376
2005-07-01,SS Klondike,4694
2005-08-01,SS Klondike,3198
2005-08-01,Chilkoot Trail,906
2005-08-01,Kluane National Park,13433
2005-08-01,Klondike National Historic Site,3633
2005-09-01,Klondike National Historic Site,706
2005-09-01,Kluane National Park,3781
2005-09-01,Chilkoot Trail,44
2005-09-01,SS Klondike,571
2005-10-01,SS Klondike,0
2005-10-01,Chilkoot Trail,0
2005-10-01,Kluane National Park,17
2005-10-01,Klondike National Historic Site,0
2005-11-01,Klondike National Historic Site,0
2005-11-01,Kluane National Park,0
2005-11-01,Chilkoot Trail,0
2005-11-01,SS Klondike,0
2005-12-01,SS Klondike,0
2005-12-01,Kluane National Park,9
2005-12-01,Chilkoot Trail,0
2005-12-01,Klondike National Historic Site,0
2006-01-01,Klondike National Historic Site,0
2006-01-01,Chilkoot Trail,0
2006-01-01,Kluane National Park,14
2006-01-01,SS Klondike,0
2006-02-01,SS Klondike,0
2006-02-01,Kluane National Park,8
2006-02-01,Chilkoot Trail,0
2006-02-01,Klondike National Historic Site,0
2006-03-01,Klondike National Historic Site,0
2006-03-01,Chilkoot Trail,0
2006-03-01,Kluane National Park,22
2006-03-01,SS Klondike,0
2006-04-01,SS Klondike,0
2006-04-01,Klondike National Historic Site,0
2006-04-01,Chilkoot Trail,0
2006-04-01,Kluane National Park,98
2006-05-01,Kluane National Park,2686
2006-05-01,Chilkoot Trail,11
2006-05-01,Klondike National Historic Site,0
2006-05-01,SS Klondike,758
2006-06-01,SS Klondike,3428
2006-06-01,Klondike National Historic Site,4230
2006-06-01,Chilkoot Trail,320
2006-06-01,Kluane National Park,10099
2006-07-01,Kluane National Park,13093
2006-07-01,Chilkoot Trail,1069
2006-07-01,Klondike National Historic Site,4732
2006-07-01,SS Klondike,5129
2006-08-01,SS Klondike,4712
2006-08-01,Chilkoot Trail,788
2006-08-01,Kluane National Park,12420
2006-08-01,Klondike National Historic Site,4236
2006-09-01,Klondike National Historic Site,686
2006-09-01,Kluane National Park,3044
2006-09-01,Chilkoot Trail,48
2006-09-01,SS Klondike,779
2006-10-01,SS Klondike,0
2006-10-01,Chilkoot Trail,0
2006-10-01,Kluane National Park,14
2006-10-01,Klondike National Historic Site,0
2006-11-01,Klondike National Historic Site,0
2006-11-01,Kluane National Park,23
2006-11-01,Chilkoot Trail,0
2006-11-01,SS Klondike,0
2006-12-01,SS Klondike,0
2006-12-01,Kluane National Park,16
2006-12-01,Chilkoot Trail,0
2006-12-01,Klondike National Historic Site,0
2007-01-01,Klondike National Historic Site,0
2007-01-01,Chilkoot Trail,0
2007-01-01,Kluane National Park,40
2007-01-01,SS Klondike,0
2007-02-01,SS Klondike,0
2007-02-01,Kluane National Park,2
2007-02-01,Chilkoot Trail,0
2007-02-01,Klondike National Historic Site,0
2007-03-01,Klondike National Historic Site,0
2007-03-01,Chilkoot Trail,0
2007-03-01,Kluane National Park,47
2007-03-01,SS Klondike,0
2007-04-01,SS Klondike,0
2007-04-01,Klondike National Historic Site,0
2007-04-01,Chilkoot Trail,0
2007-04-01,Kluane National Park,94
2007-05-01,Kluane National Park,2654
2007-05-01,Chilkoot Trail,1
2007-05-01,Klondike National Historic Site,577
2007-05-01,SS Klondike,779
2007-06-01,SS Klondike,4550
2007-06-01,Klondike National Historic Site,6425
2007-06-01,Chilkoot Trail,352
2007-06-01,Kluane National Park,11117
2007-07-01,Kluane National Park,12168
2007-07-01,Chilkoot Trail,1039
2007-07-01,Klondike National Historic Site,7297
2007-07-01,SS Klondike,5129
2007-08-01,SS Klondike,3925
2007-08-01,Chilkoot Trail,824
2007-08-01,Kluane National Park,11681
2007-08-01,Klondike National Historic Site,5593
2007-09-01,Klondike National Historic Site,1419
2007-09-01,Kluane National Park,2696
2007-09-01,Chilkoot Trail,80
2007-09-01,SS Klondike,592
2007-10-01,SS Klondike,0
2007-10-01,Chilkoot Trail,0
2007-10-01,Kluane National Park,9
2007-10-01,Klondike National Historic Site,0
2007-11-01,Klondike National Historic Site,0
2007-11-01,Kluane National Park,9
2007-11-01,Chilkoot Trail,0
2007-11-01,SS Klondike,0
2007-12-01,SS Klondike,0
2007-12-01,Kluane National Park,6
2007-12-01,Chilkoot Trail,0
2007-12-01,Klondike National Historic Site,0
2008-01-01,Klondike National Historic Site,0
2008-01-01,Chilkoot Trail,0
2008-01-01,Kluane National Park,2
2008-01-01,SS Klondike,0
2008-02-01,SS Klondike,0
2008-02-01,Kluane National Park,18
2008-02-01,Chilkoot Trail,0
2008-02-01,Klondike National Historic Site,0
2008-03-01,Klondike National Historic Site,0
2008-03-01,Chilkoot Trail,0
2008-03-01,Kluane National Park,56
2008-03-01,SS Klondike,0
2008-04-01,SS Klondike,0
2008-04-01,Klondike National Historic Site,0
2008-04-01,Chilkoot Trail,0
2008-04-01,Kluane National Park,91
2008-05-01,Kluane National Park,2736
2008-05-01,Chilkoot Trail,0
2008-05-01,Klondike National Historic Site,0
2008-05-01,SS Klondike,779
2008-06-01,SS Klondike,4677
2008-06-01,Klondike National Historic Site,6169
2008-06-01,Chilkoot Trail,240
2008-06-01,Kluane National Park,10561
2008-07-01,Kluane National Park,10540
2008-07-01,Chilkoot Trail,1155
2008-07-01,Klondike National Historic Site,6057
2008-07-01,SS Klondike,4853
2008-08-01,SS Klondike,3391
2008-08-01,Chilkoot Trail,972
2008-08-01,Kluane National Park,10097
2008-08-01,Klondike National Historic Site,4949
2008-09-01,Klondike National Historic Site,1145
2008-09-01,Kluane National Park,2900
2008-09-01,Chilkoot Trail,4
2008-09-01,SS Klondike,622
2008-10-01,SS Klondike,0
2008-10-01,Chilkoot Trail,0
2008-10-01,Kluane National Park,18
2008-10-01,Klondike National Historic Site,0
2008-11-01,Klondike National Historic Site,0
2008-11-01,Kluane National Park,4
2008-11-01,Chilkoot Trail,0
2008-11-01,SS Klondike,0
2008-12-01,SS Klondike,0
2008-12-01,Kluane National Park,5
2008-12-01,Chilkoot Trail,0
2008-12-01,Klondike National Historic Site,0
2009-01-01,Klondike National Historic Site,0
2009-01-01,Chilkoot Trail,0
2009-01-01,Kluane National Park,41
2009-01-01,SS Klondike,0
2009-02-01,SS Klondike,0
2009-02-01,Kluane National Park,65
2009-02-01,Chilkoot Trail,0
2009-02-01,Klondike National Historic Site,0
2009-03-01,Klondike National Historic Site,0
2009-03-01,Chilkoot Trail,0
2009-03-01,Kluane National Park,86
2009-03-01,SS Klondike,0
2009-04-01,SS Klondike,0
2009-04-01,Klondike National Historic Site,0
2009-04-01,Chilkoot Trail,0
2009-04-01,Kluane National Park,92
2009-05-01,Kluane National Park,3410
2009-05-01,Chilkoot Trail,5
2009-05-01,Klondike National Historic Site,0
2009-05-01,SS Klondike,702
2009-06-01,SS Klondike,3814
2009-06-01,Klondike National Historic Site,6318
2009-06-01,Chilkoot Trail,315
2009-06-01,Kluane National Park,9701
2009-07-01,Kluane National Park,12566
2009-07-01,Chilkoot Trail,1242
2009-07-01,Klondike National Historic Site,7096
2009-07-01,SS Klondike,4821
2009-08-01,SS Klondike,3505
2009-08-01,Chilkoot Trail,826
2009-08-01,Kluane National Park,12637
2009-08-01,Klondike National Historic Site,6107
2009-09-01,Klondike National Historic Site,903
2009-09-01,Kluane National Park,3048
2009-09-01,Chilkoot Trail,31
2009-09-01,SS Klondike,702
2009-10-01,SS Klondike,0
2009-10-01,Chilkoot Trail,0
2009-10-01,Kluane National Park,18
2009-10-01,Klondike National Historic Site,0
2009-11-01,Klondike National Historic Site,0
2009-11-01,Kluane National Park,4
2009-11-01,Chilkoot Trail,0
2009-11-01,SS Klondike,0
2009-12-01,SS Klondike,0
2009-12-01,Kluane National Park,5
2009-12-01,Chilkoot Trail,0
2009-12-01,Klondike National Historic Site,0
2010-01-01,Klondike National Historic Site,0
2010-01-01,Chilkoot Trail,0
2010-01-01,Kluane National Park,20
2010-01-01,SS Klondike,0
2010-02-01,SS Klondike,0
2010-02-01,Kluane National Park,12
2010-02-01,Chilkoot Trail,0
2010-02-01,Klondike National Historic Site,0
2010-03-01,Klondike National Historic Site,0
2010-03-01,Chilkoot Trail,0
2010-03-01,Kluane National Park,361
2010-03-01,SS Klondike,0
2010-04-01,SS Klondike,0
2010-04-01,Klondike National Historic Site,0
2010-04-01,Chilkoot Trail,0
2010-04-01,Kluane National Park,90
2010-05-01,Kluane National Park,3537
2010-05-01,Chilkoot Trail,0
2010-05-01,Klondike National Historic Site,0
2010-05-01,SS Klondike,1174
2010-06-01,SS Klondike,4674
2010-06-01,Klondike National Historic Site,5865
2010-06-01,Chilkoot Trail,318
2010-06-01,Kluane National Park,10465
2010-07-01,Kluane National Park,15384
2010-07-01,Chilkoot Trail,1158
2010-07-01,Klondike National Historic Site,6512
2010-07-01,SS Klondike,5192
2010-08-01,SS Klondike,3908
2010-08-01,Chilkoot Trail,786
2010-08-01,Kluane National Park,14883
2010-08-01,Klondike National Historic Site,6291
2010-09-01,Klondike National Historic Site,897
2010-09-01,Kluane National Park,2242
2010-09-01,Chilkoot Trail,10
2010-09-01,SS Klondike,467
2010-10-01,SS Klondike,0
2010-10-01,Chilkoot Trail,0
2010-10-01,Kluane National Park,284
2010-10-01,Klondike National Historic Site,0
2010-11-01,Klondike National Historic Site,44
2010-11-01,Kluane National Park,29
2010-11-01,Chilkoot Trail,0
2010-11-01,SS Klondike,0
2010-12-01,SS Klondike,0
2010-12-01,Kluane National Park,83
2010-12-01,Chilkoot Trail,0
2010-12-01,Klondike National Historic Site,0
2011-01-01,Klondike National Historic Site,0
2011-01-01,Chilkoot Trail,0
2011-01-01,Kluane National Park,35
2011-01-01,SS Klondike,0
2011-02-01,SS Klondike,0
2011-02-01,Kluane National Park,54
2011-02-01,Chilkoot Trail,0
2011-02-01,Klondike National Historic Site,208
2011-03-01,Klondike National Historic Site,27
2011-03-01,Chilkoot Trail,0
2011-03-01,Kluane National Park,237
2011-03-01,SS Klondike,0
2011-04-01,SS Klondike,0
2011-04-01,Klondike National Historic Site,0
2011-04-01,Chilkoot Trail,0
2011-04-01,Kluane National Park,114
2011-05-01,Kluane National Park,3260
2011-05-01,Chilkoot Trail,0
2011-05-01,Klondike National Historic Site,0
2011-05-01,SS Klondike,752
2011-06-01,SS Klondike,4504
2011-06-01,Klondike National Historic Site,5954
2011-06-01,Chilkoot Trail,314
2011-06-01,Kluane National Park,11809
2011-07-01,Kluane National Park,14811
2011-07-01,Chilkoot Trail,1106
2011-07-01,Klondike National Historic Site,6357
2011-07-01,SS Klondike,4887
2011-08-01,SS Klondike,3980
2011-08-01,Chilkoot Trail,848
2011-08-01,Kluane National Park,15373
2011-08-01,Klondike National Historic Site,5441
2011-09-01,Klondike National Historic Site,1400
2011-09-01,Kluane National Park,2775
2011-09-01,Chilkoot Trail,55
2011-09-01,SS Klondike,680
2011-10-01,SS Klondike,0
2011-10-01,Chilkoot Trail,0
2011-10-01,Kluane National Park,44
2011-10-01,Klondike National Historic Site,0
2011-11-01,Klondike National Historic Site,14
2011-11-01,Kluane National Park,2
2011-11-01,Chilkoot Trail,0
2011-11-01,SS Klondike,0
2011-12-01,SS Klondike,0
2011-12-01,Kluane National Park,7
2011-12-01,Chilkoot Trail,8
2011-12-01,Klondike National Historic Site,0
2012-01-01,Klondike National Historic Site,0
2012-01-01,Chilkoot Trail,4
2012-01-01,Kluane National Park,4
2012-01-01,SS Klondike,0
2012-02-01,SS Klondike,0
2012-02-01,Kluane National Park,4
2012-02-01,Chilkoot Trail,11
2012-02-01,Klondike National Historic Site,0
2012-03-01,Klondike National Historic Site,0
2012-03-01,Chilkoot Trail,27
2012-03-01,Kluane National Park,23
2012-03-01,SS Klondike,0
2012-04-01,SS Klondike,0
2012-04-01,Klondike National Historic Site,0
2012-04-01,Chilkoot Trail,0
2012-04-01,Kluane National Park,0
2012-05-01,Kluane National Park,3129
2012-05-01,Chilkoot Trail,0
2012-05-01,Klondike National Historic Site,0
2012-05-01,SS Klondike,715
2012-06-01,SS Klondike,4083
2012-06-01,Klondike National Historic Site,6461
2012-06-01,Chilkoot Trail,265
2012-06-01,Kluane National Park,10045
2012-07-01,Kluane National Park,14084
2012-07-01,Chilkoot Trail,949
2012-07-01,Klondike National Historic Site,6973
2012-07-01,SS Klondike,4884
2012-08-01,SS Klondike,3541
2012-08-01,Chilkoot Trail,881
2012-08-01,Kluane National Park,13829
2012-08-01,Klondike National Historic Site,6679
2012-09-01,Klondike National Historic Site,1035
2012-09-01,Kluane National Park,2632
2012-09-01,Chilkoot Trail,11
2012-09-01,SS Klondike,283
2012-10-01,SS Klondike,0
2012-10-01,Chilkoot Trail,0
2012-10-01,Kluane National Park,0
2012-10-01,Klondike National Historic Site,0
2012-11-01,Klondike National Historic Site,0
2012-11-01,Kluane National Park,0
2012-11-01,Chilkoot Trail,0
2012-11-01,SS Klondike,0
2012-12-01,SS Klondike,0
2012-12-01,Kluane National Park,0
2012-12-01,Chilkoot Trail,0
2012-12-01,Klondike National Historic Site,0
2013-01-01,Klondike National Historic Site,0
2013-01-01,Chilkoot Trail,0
2013-01-01,Kluane National Park,0
2013-01-01,SS Klondike,0
2013-02-01,SS Klondike,0
2013-02-01,Kluane National Park,0
2013-02-01,Chilkoot Trail,0
2013-02-01,Klondike National Historic Site,0
2013-03-01,Klondike National Historic Site,0
2013-03-01,Chilkoot Trail,0
2013-03-01,Kluane National Park,25
2013-03-01,SS Klondike,0
2013-04-01,SS Klondike,0
2013-04-01,Klondike National Historic Site,0
2013-04-01,Chilkoot Trail,0
2013-04-01,Kluane National Park,18
2013-05-01,Kluane National Park,2339
2013-05-01,Chilkoot Trail,10
2013-05-01,Klondike National Historic Site,905
2013-05-01,SS Klondike,965
2013-06-01,SS Klondike,5454
2013-06-01,Klondike National Historic Site,5322
2013-06-01,Chilkoot Trail,235
2013-06-01,Kluane National Park,8823
2013-07-01,Kluane National Park,9802
2013-07-01,Chilkoot Trail,1139
2013-07-01,Klondike National Historic Site,6441
2013-07-01,SS Klondike,6272
2013-08-01,SS Klondike,4967
2013-08-01,Chilkoot Trail,901
2013-08-01,Kluane National Park,11077
2013-08-01,Klondike National Historic Site,5196
2013-09-01,Klondike National Historic Site,437
2013-09-01,Kluane National Park,548
2013-09-01,Chilkoot Trail,29
2013-09-01,SS Klondike,306
2013-10-01,SS Klondike,0
2013-10-01,Chilkoot Trail,0
2013-10-01,Kluane National Park,0
2013-10-01,Klondike National Historic Site,0
2013-11-01,Klondike National Historic Site,0
2013-11-01,Kluane National Park,0
2013-11-01,Chilkoot Trail,0
2013-11-01,SS Klondike,0
2013-12-01,SS Klondike,0
2013-12-01,Kluane National Park,0
2013-12-01,Chilkoot Trail,0
2013-12-01,Klondike National Historic Site,0
2014-01-01,Klondike National Historic Site,0
2014-01-01,Chilkoot Trail,0
2014-01-01,Kluane National Park,0
2014-01-01,SS Klondike,0
2014-02-01,SS Klondike,0
2014-02-01,Kluane National Park,0
2014-02-01,Chilkoot Trail,0
2014-02-01,Klondike National Historic Site,0
2014-03-01,Klondike National Historic Site,0
2014-03-01,Chilkoot Trail,0
2014-03-01,Kluane National Park,0
2014-03-01,SS Klondike,0
2014-04-01,SS Klondike,0
2014-04-01,Klondike National Historic Site,0
2014-04-01,Chilkoot Trail,0
2014-04-01,Kluane National Park,0
2014-05-01,Kluane National Park,1499
2014-05-01,Chilkoot Trail,0
2014-05-01,Klondike National Historic Site,1197
2014-05-01,SS Klondike,1579
2014-06-01,SS Klondike,5788
2014-06-01,Klondike National Historic Site,4610
2014-06-01,Chilkoot Trail,344
2014-06-01,Kluane National Park,5752
2014-07-01,Kluane National Park,8015
2014-07-01,Chilkoot Trail,855
2014-07-01,Klondike National Historic Site,5387
2014-07-01,SS Klondike,6749
2014-08-01,SS Klondike,5704
2014-08-01,Chilkoot Trail,709
2014-08-01,Kluane National Park,7811
2014-08-01,Klondike National Historic Site,4396
2014-09-01,Klondike National Historic Site,1148
2014-09-01,Kluane National Park,1990
2014-09-01,Chilkoot Trail,45
2014-09-01,SS Klondike,108
2014-10-01,SS Klondike,0
2014-10-01,Chilkoot Trail,0
2014-10-01,Kluane National Park,9
2014-10-01,Klondike National Historic Site,0
2014-11-01,Klondike National Historic Site,0
2014-11-01,Kluane National Park,2
2014-11-01,Chilkoot Trail,0
2014-11-01,SS Klondike,0
2014-12-01,SS Klondike,0
2014-12-01,Kluane National Park,0
2014-12-01,Chilkoot Trail,0
2014-12-01,Klondike National Historic Site,0
2015-01-01,Klondike National Historic Site,0
2015-01-01,Chilkoot Trail,0
2015-01-01,Kluane National Park,0
2015-01-01,SS Klondike,0
2015-02-01,SS Klondike,0
2015-02-01,Kluane National Park,25
2015-02-01,Chilkoot Trail,0
2015-02-01,Klondike National Historic Site,0
2015-03-01,Klondike National Historic Site,0
2015-03-01,Chilkoot Trail,0
2015-03-01,Kluane National Park,20
2015-03-01,SS Klondike,0
2015-04-01,SS Klondike,0
2015-04-01,Klondike National Historic Site,0
2015-04-01,Chilkoot Trail,0
2015-04-01,Kluane National Park,12
2015-05-01,Kluane National Park,1709
2015-05-01,Chilkoot Trail,0
2015-05-01,Klondike National Historic Site,1417
2015-05-01,SS Klondike,1144
2015-06-01,SS Klondike,6957
2015-06-01,Klondike National Historic Site,9137
2015-06-01,Chilkoot Trail,392
2015-06-01,Kluane National Park,6206
2015-07-01,Kluane National Park,8558
2015-07-01,Chilkoot Trail,1046
2015-07-01,Klondike National Historic Site,11484
2015-07-01,SS Klondike,9091
2015-08-01,SS Klondike,6928
2015-08-01,Chilkoot Trail,983
2015-08-01,Kluane National Park,8050
2015-08-01,Klondike National Historic Site,9391
2015-09-01,Klondike National Historic Site,2617
2015-09-01,Kluane National Park,2446
2015-09-01,Chilkoot Trail,47
2015-09-01,SS Klondike,1068
2015-10-01,SS Klondike,0
2015-10-01,Chilkoot Trail,0
2015-10-01,Kluane National Park,0
2015-10-01,Klondike National Historic Site,155
2015-11-01,Klondike National Historic Site,0
2015-11-01,Kluane National Park,0
2015-11-01,Chilkoot Trail,0
2015-11-01,SS Klondike,0
2015-12-01,SS Klondike,0
2015-12-01,Kluane National Park,0
2015-12-01,Chilkoot Trail,0
2015-12-01,Klondike National Historic Site,0
2016-01-01,Klondike National Historic Site,0
2016-01-01,Chilkoot Trail,0
2016-01-01,Kluane National Park,0
2016-01-01,SS Klondike,0
2016-02-01,SS Klondike,0
2016-02-01,Kluane National Park,0
2016-02-01,Chilkoot Trail,0
2016-02-01,Klondike National Historic Site,0
2016-03-01,Klondike National Historic Site,0
2016-03-01,Chilkoot Trail,0
2016-03-01,Kluane National Park,0
2016-03-01,SS Klondike,0
2016-04-01,SS Klondike,0
2016-04-01,Klondike National Historic Site,0
2016-04-01,Chilkoot Trail,0
2016-04-01,Kluane National Park,0
2016-05-01,Kluane National Park,1725
2016-05-01,Chilkoot Trail,0
2016-05-01,Klondike National Historic Site,1175
2016-05-01,SS Klondike,1899
2016-06-01,SS Klondike,7795
2016-06-01,Klondike National Historic Site,9295
2016-06-01,Chilkoot Trail,415
2016-06-01,Kluane National Park,6320
2016-07-01,Kluane National Park,8731
2016-07-01,Chilkoot Trail,1309
2016-07-01,Klondike National Historic Site,9630
2016-07-01,SS Klondike,8971
2016-08-01,SS Klondike,6982
2016-08-01,Chilkoot Trail,1112
2016-08-01,Kluane National Park,8043
2016-08-01,Klondike National Historic Site,9140
2016-09-01,Klondike National Historic Site,2679
2016-09-01,Kluane National Park,2787
2016-09-01,Chilkoot Trail,86
2016-09-01,SS Klondike,1076
2016-10-01,SS Klondike,0
2016-10-01,Chilkoot Trail,0
2016-10-01,Kluane National Park,0
2016-10-01,Klondike National Historic Site,47
2016-11-01,Klondike National Historic Site,0
2016-11-01,Kluane National Park,0
2016-11-01,Chilkoot Trail,0
2016-11-01,SS Klondike,0
2016-12-01,SS Klondike,0
2016-12-01,Kluane National Park,0
2016-12-01,Chilkoot Trail,0
2016-12-01,Klondike National Historic Site,0
2017-01-01,Klondike National Historic Site,0
2017-01-01,Chilkoot Trail,0
2017-01-01,Kluane National Park,0
2017-01-01,SS Klondike,0
2017-02-01,SS Klondike,0
2017-02-01,Kluane National Park,0
2017-02-01,Chilkoot Trail,0
2017-02-01,Klondike National Historic Site,0
2017-03-01,Klondike National Historic Site,0
2017-03-01,Chilkoot Trail,0
2017-03-01,Kluane National Park,0
2017-03-01,SS Klondike,0
2017-04-01,SS Klondike,0
2017-04-01,Klondike National Historic Site,0
2017-04-01,Chilkoot Trail,0
2017-04-01,Kluane National Park,14
2017-05-01,Kluane National Park,1650
2017-05-01,Chilkoot Trail,0
2017-05-01,Klondike National Historic Site,1375
2017-05-01,SS Klondike,3475
2017-06-01,SS Klondike,12549
2017-06-01,Klondike National Historic Site,10410
2017-06-01,Chilkoot Trail,590
2017-06-01,Kluane National Park,6796
2017-07-01,Kluane National Park,8753
2017-07-01,Chilkoot Trail,1293
2017-07-01,Klondike National Historic Site,13207
2017-07-01,SS Klondike,15766
2017-08-01,SS Klondike,11711
2017-08-01,Chilkoot Trail,1067
2017-08-01,Kluane National Park,9339
2017-08-01,Klondike National Historic Site,10809
2017-09-01,Klondike National Historic Site,1550
2017-09-01,Kluane National Park,3184
2017-09-01,Chilkoot Trail,66
2017-09-01,SS Klondike,1743
2017-10-01,SS Klondike,0
2017-10-01,Chilkoot Trail,0
2017-10-01,Kluane National Park,7
2017-10-01,Klondike National Historic Site,0
2017-11-01,Klondike National Historic Site,0
2017-11-01,Kluane National Park,0
2017-11-01,Chilkoot Trail,0
2017-11-01,SS Klondike,0
2017-12-01,SS Klondike,0
2017-12-01,Kluane National Park,0
2017-12-01,Chilkoot Trail,0
2017-12-01,Klondike National Historic Site,0
2018-01-01,Klondike National Historic Site,0
2018-01-01,Chilkoot Trail,0
2018-01-01,Kluane National Park,0
2018-01-01,SS Klondike,0
2018-02-01,SS Klondike,0
2018-02-01,Kluane National Park,0
2018-02-01,Chilkoot Trail,0
2018-02-01,Klondike National Historic Site,0
2018-03-01,Klondike National Historic Site,0
2018-03-01,Chilkoot Trail,0
2018-03-01,Kluane National Park,0
2018-03-01,SS Klondike,0
2018-04-01,SS Klondike,0
2018-04-01,Klondike National Historic Site,0
2018-04-01,Chilkoot Trail,0
2018-04-01,Kluane National Park,21
2018-05-01,Kluane National Park,1788
2018-05-01,Chilkoot Trail,0
2018-05-01,Klondike National Historic Site,1364
2018-05-01,SS Klondike,3877
2018-06-01,SS Klondike,10752
2018-06-01,Klondike National Historic Site,9714
2018-06-01,Chilkoot Trail,582
2018-06-01,Kluane National Park,7614
2018-07-01,Kluane National Park,9718
2018-07-01,Chilkoot Trail,1414
2018-07-01,Klondike National Historic Site,14672
2018-07-01,SS Klondike,14189
2018-08-01,SS Klondike,11793
2018-08-01,Chilkoot Trail,1073
2018-08-01,Kluane National Park,9996
2018-08-01,Klondike National Historic Site,11410
2018-09-01,Klondike National Historic Site,2759
2018-09-01,Kluane National Park,2929
2018-09-01,Chilkoot Trail,81
2018-09-01,SS Klondike,1094
2018-10-01,SS Klondike,0
2018-10-01,Chilkoot Trail,0
2018-10-01,Kluane National Park,0
2018-10-01,Klondike National Historic Site,517
2018-11-01,Klondike National Historic Site,0
2018-11-01,Kluane National Park,0
2018-11-01,Chilkoot Trail,0
2018-11-01,SS Klondike,0
2018-12-01,SS Klondike,100
2018-12-01,Kluane National Park,0
2018-12-01,Chilkoot Trail,0
2018-12-01,Klondike National Historic Site,0
2019-01-01,Klondike National Historic Site,90
2019-01-01,Chilkoot Trail,0
2019-01-01,Kluane National Park,0
2019-01-01,SS Klondike,0
2019-02-01,SS Klondike,0
2019-02-01,Kluane National Park,0
2019-02-01,Chilkoot Trail,100
2019-02-01,Klondike National Historic Site,12
2019-03-01,Klondike National Historic Site,3
2019-03-01,Chilkoot Trail,340
2019-03-01,Kluane National Park,0
2019-03-01,SS Klondike,0
2019-04-01,SS Klondike,0
2019-04-01,Klondike National Historic Site,17
2019-04-01,Chilkoot Trail,0
2019-04-01,Kluane National Park,0
2019-05-01,Kluane National Park,1656
2019-05-01,Chilkoot Trail,0
2019-05-01,Klondike National Historic Site,3693
2019-05-01,SS Klondike,3877
2019-06-01,SS Klondike,11133
2019-06-01,Klondike National Historic Site,13320
2019-06-01,Chilkoot Trail,515
2019-06-01,Kluane National Park,7274
2019-07-01,Kluane National Park,8408
2019-07-01,Chilkoot Trail,1340
2019-07-01,Klondike National Historic Site,16154
2019-07-01,SS Klondike,12481
2019-08-01,SS Klondike,11183
2019-08-01,Chilkoot Trail,1021
2019-08-01,Kluane National Park,8747
2019-08-01,Klondike National Historic Site,12932
2019-09-01,Klondike National Historic Site,3798
2019-09-01,Kluane National Park,2645
2019-09-01,Chilkoot Trail,162
2019-09-01,SS Klondike,804
2019-10-01,SS Klondike,30
2019-10-01,Chilkoot Trail,0
2019-10-01,Kluane National Park,225
2019-10-01,Klondike National Historic Site,12
2019-11-01,Klondike National Historic Site,0
2019-11-01,Kluane National Park,0
2019-11-01,Chilkoot Trail,0
2019-11-01,SS Klondike,0
2019-12-01,SS Klondike,120
2019-12-01,Kluane National Park,0
2019-12-01,Chilkoot Trail,0
2019-12-01,Klondike National Historic Site,0
2020-01-01,Klondike National Historic Site,0
2020-01-01,Chilkoot Trail,0
2020-01-01,Kluane National Park,0
2020-01-01,SS Klondike,0
2020-02-01,SS Klondike,0
2020-02-01,Kluane National Park,100
2020-02-01,Chilkoot Trail,0
2020-02-01,Klondike National Historic Site,12
2020-03-01,Klondike National Historic Site,0
2020-03-01,Chilkoot Trail,145
2020-03-01,Kluane National Park,0
2020-03-01,SS Klondike,0
2020-04-01,SS Klondike,0
2020-04-01,Klondike National Historic Site,0
2020-04-01,Chilkoot Trail,0
2020-04-01,Kluane National Park,0
2020-05-01,Kluane National Park,0
2020-05-01,Chilkoot Trail,0
2020-05-01,Klondike National Historic Site,0
2020-05-01,SS Klondike,0
2020-06-01,SS Klondike,0
2020-06-01,Klondike National Historic Site,0
2020-06-01,Chilkoot Trail,0
2020-06-01,Kluane National Park,0
2020-07-01,Kluane National Park,603
2020-07-01,Chilkoot Trail,0
2020-07-01,Klondike National Historic Site,1873
2020-07-01,SS Klondike,342
2020-08-01,SS Klondike,1152
2020-08-01,Chilkoot Trail,0
2020-08-01,Kluane National Park,4562
2020-08-01,Klondike National Historic Site,5621
2020-09-01,Klondike National Historic Site,1578
2020-09-01,Kluane National Park,1320
2020-09-01,Chilkoot Trail,0
2020-09-01,SS Klondike,308
2020-10-01,SS Klondike,0
2020-10-01,Chilkoot Trail,0
2020-10-01,Kluane National Park,0
2020-10-01,Klondike National Historic Site,174
2020-11-01,Klondike National Historic Site,0
2020-11-01,Kluane National Park,0
2020-11-01,Chilkoot Trail,0
2020-11-01,SS Klondike,0
2020-12-01,SS Klondike,0
2020-12-01,Kluane National Park,0
2020-12-01,Chilkoot Trail,0
2020-12-01,Klondike National Historic Site,0
2021-01-01,Klondike National Historic Site,0
2021-01-01,Chilkoot Trail,0
2021-01-01,Kluane National Park,0
2021-01-01,SS Klondike,0
2021-02-01,SS Klondike,0
2021-02-01,Kluane National Park,0
2021-02-01,Chilkoot Trail,0
2021-02-01,Klondike National Historic Site,0
2021-03-01,Klondike National Historic Site,0
2021-03-01,Chilkoot Trail,0
2021-03-01,Kluane National Park,0
2021-03-01,SS Klondike,0
2021-04-01,SS Klondike,0
2021-04-01,Klondike National Historic Site,2
2021-04-01,Chilkoot Trail,0
2021-04-01,Kluane National Park,0
2021-05-01,Kluane National Park,820
2021-05-01,Chilkoot Trail,0
2021-05-01,Klondike National Historic Site,753
2021-05-01,SS Klondike,191
2021-06-01,SS Klondike,880
2021-06-01,Klondike National Historic Site,2018
2021-06-01,Chilkoot Trail,5
2021-06-01,Kluane National Park,2097
2021-07-01,Kluane National Park,7977
2021-07-01,Chilkoot Trail,33
2021-07-01,Klondike National Historic Site,5922
2021-07-01,SS Klondike,1256
2021-08-01,SS Klondike,1294
2021-08-01,Chilkoot Trail,12
2021-08-01,Kluane National Park,8580
2021-08-01,Klondike National Historic Site,9757
2021-09-01,Klondike National Historic Site,2648
2021-09-01,Kluane National Park,4457
2021-09-01,Chilkoot Trail,1
2021-09-01,SS Klondike,312
2021-10-01,SS Klondike,0
2021-10-01,Chilkoot Trail,0
2021-10-01,Kluane National Park,1103
2021-10-01,Klondike National Historic Site,38
2021-11-01,Klondike National Historic Site,0
2021-11-01,Kluane National Park,0
2021-11-01,Chilkoot Trail,0
2021-11-01,SS Klondike,0
2021-12-01,SS Klondike,0
2021-12-01,Kluane National Park,0
2021-12-01,Chilkoot Trail,0
2021-12-01,Klondike National Historic Site,0
2022-01-01,Klondike National Historic Site,0
2022-01-01,Chilkoot Trail,0
2022-01-01,Kluane National Park,0
2022-01-01,SS Klondike,0
2022-02-01,SS Klondike,0
2022-02-01,Kluane National Park,0
2022-02-01,Chilkoot Trail,0
2022-02-01,Klondike National Historic Site,0
2022-03-01,Klondike National Historic Site,0
2022-03-01,Chilkoot Trail,0
2022-03-01,Kluane National Park,0
2022-03-01,SS Klondike,0
2022-04-01,SS Klondike,0
2022-04-01,Klondike National Historic Site,0
2022-04-01,Chilkoot Trail,21
2022-04-01,Kluane National Park,0
2022-05-01,Kluane National Park,2686
2022-05-01,Chilkoot Trail,0
2022-05-01,Klondike National Historic Site,2294
2022-05-01,SS Klondike,1000
2022-06-01,SS Klondike,1282
2022-06-01,Klondike National Historic Site,8213
2022-06-01,Chilkoot Trail,4
2022-06-01,Kluane National Park,10294
2022-07-01,Kluane National Park,14746
2022-07-01,Chilkoot Trail,50
2022-07-01,Klondike National Historic Site,19511
2022-07-01,SS Klondike,1260
2022-08-01,SS Klondike,1017
2022-08-01,Chilkoot Trail,10
2022-08-01,Kluane National Park,12784
2022-08-01,Klondike National Historic Site,24193
2022-09-01,Klondike National Historic Site,5835
2022-09-01,Kluane National Park,5241
2022-09-01,Chilkoot Trail,1
2022-09-01,SS Klondike,233
2022-10-01,SS Klondike,0
2022-10-01,Chilkoot Trail,0
2022-10-01,Kluane National Park,1250
2022-10-01,Klondike National Historic Site,0
2022-11-01,Klondike National Historic Site,0
2022-11-01,Kluane National Park,0
2022-11-01,Chilkoot Trail,0
2022-11-01,SS Klondike,0
2022-12-01,SS Klondike,0
2022-12-01,Kluane National Park,0
2022-12-01,Chilkoot Trail,0
2022-12-01,Klondike National Historic Site,10
